<?xml version="1.0" encoding="UTF-8" standalone="yes"?>
<addon id="repository.borcetti" name="Borcetti repo" version="0.1" provider-name="Jay Borcetti">
    <extension point="xbmc.addon.repository" name="Borcetti repo">
        <dir>
            <info compressed="false">https://raw.githubusercontent.com/jaycassini/repository.borcetti/master/zips/addons.xml</info>
            <checksum>https://raw.githubusercontent.com/jaycassini/repository.borcetti/master/zips/addons.xml.md5</checksum>
            <datadir zip="true">https://raw.githubusercontent.com/jaycassini/repository.borcetti/master/zips/</datadir>
        </dir>
    </extension>
    <extension point="xbmc.addon.metadata">
        <summary>Borcetti repo</summary>
        <description>Kodi repo setup for auto installtion of builds</description>
        <disclaimer></disclaimer>
        <platform>all</platform>
        <assets>
            <icon>icon.png</icon>
            <fanart>fanart.jpg</fanart>
        </assets>
    </extension>
</addon>